タイトル,タイトルURL,cz_displayspnone2,cz_sp_table_URL,cz_sp_table3,エリア
金沢広岡三丁目店,https://as.chizumaru.com/famima/detailMap?account=famima&accmd=0&adr=17201&c2=1%2c2&bid=76111&pgret=2,石川県金沢市広岡３丁目３番４７号,tel:076-222-3350,24時間,石川県金沢市広岡３
わくなみや小橋店,https://as.chizumaru.com/famima/detailMap?account=famima&accmd=0&adr=17201&c2=1%2c2&bid=05569&pgret=2,石川県金沢市小橋町４－２０,tel:076-252-1187,24時間　日曜のみ時短営業（日曜２３：００閉店、月曜６：００開店）,石川県金沢市小橋町
しばはら杜の里店,https://as.chizumaru.com/famima/detailMap?account=famima&accmd=0&adr=17201&c2=1%2c2&bid=05583&pgret=2,石川県金沢市もりの里３－１０２,tel:076-262-1131,24時間,石川県金沢市もりの
窪四丁目店,https://as.chizumaru.com/famima/detailMap?account=famima&accmd=0&adr=17201&c2=1%2c2&bid=05746&pgret=2,石川県金沢市窪４－４４７,tel:076-243-1911,24時間,石川県金沢市窪４－
金沢利屋町店,https://as.chizumaru.com/famima/detailMap?account=famima&accmd=0&adr=17201&c2=1%2c2&bid=05863&pgret=2,石川県金沢市利屋町る７番地,tel:076-257-6613,24時間　日曜のみ時短営業（日曜２３：００閉店、月曜５：００開店）,石川県金沢市利屋町
金沢みどり団地口店,https://as.chizumaru.com/famima/detailMap?account=famima&accmd=0&adr=17201&c2=1%2c2&bid=05950&pgret=2,石川県金沢市福増町北１０５３－２,tel:076-240-9112,24時間,石川県金沢市福増町
金沢新神田店,https://as.chizumaru.com/famima/detailMap?account=famima&accmd=0&adr=17201&c2=1%2c2&bid=05953&pgret=2,石川県金沢市新神田４－５－３５,tel:076-291-8013,24時間,石川県金沢市新神田
金沢リファーレ店,https://as.chizumaru.com/famima/detailMap?account=famima&accmd=0&adr=17201&c2=1%2c2&bid=05988&pgret=2,石川県金沢市本町１－５－３,tel:076-263-3591,24時間,石川県金沢市本町１
金沢けやき通り店,https://as.chizumaru.com/famima/detailMap?account=famima&accmd=0&adr=17201&c2=1%2c2&bid=76074&pgret=2,石川県金沢市駅西本町１丁目１５番１８号トリアス１Ｆ,tel:076-222-3620,24時間,石川県金沢市駅西本
金沢千木町店,https://as.chizumaru.com/famima/detailMap?account=famima&accmd=0&adr=17201&c2=1%2c2&bid=76091&pgret=2,石川県金沢市千木町ル５５,tel:076-257-0177,24時間,石川県金沢市千木町
金沢増泉三丁目店,https://as.chizumaru.com/famima/detailMap?account=famima&accmd=0&adr=17201&c2=1%2c2&bid=76097&pgret=2,石川県金沢市増泉３丁目１５番１９号,tel:076-241-2127,24時間,石川県金沢市増泉３
金沢上堤町店,https://as.chizumaru.com/famima/detailMap?account=famima&accmd=0&adr=17201&c2=1%2c2&bid=76164&pgret=2,石川県金沢市上堤町１－１５ＪＲＥ金沢上堤町ビル１Ｆ,tel:076-233-1280,24時間,石川県金沢市上堤町
金沢八田町店,https://as.chizumaru.com/famima/detailMap?account=famima&accmd=0&adr=17201&c2=1%2c2&bid=76173&pgret=2,石川県金沢市八田町東８９６番地１,tel:076-257-1820,24時間,石川県金沢市八田町
金沢松村店,https://as.chizumaru.com/famima/detailMap?account=famima&accmd=0&adr=17201&c2=1%2c2&bid=76249&pgret=2,石川県金沢市松村３－５４３,tel:076-266-2306,24時間,石川県金沢市松村３
金沢野田店,https://as.chizumaru.com/famima/detailMap?account=famima&accmd=0&adr=17201&c2=1%2c2&bid=76260&pgret=2,石川県金沢市野田二丁目１４番地,tel:076-243-1033,24時間,石川県金沢市野田二
金沢石引店,https://as.chizumaru.com/famima/detailMap?account=famima&accmd=0&adr=17201&c2=1%2c2&bid=76294&pgret=2,石川県金沢市石引一丁目１３番３２号,tel:076-210-5007,24時間,石川県金沢市石引一
金沢涌波店,https://as.chizumaru.com/famima/detailMap?account=famima&accmd=0&adr=17201&c2=1%2c2&bid=76299&pgret=2,石川県金沢市涌波１丁目６番２７号,tel:076-210-7035,24時間,石川県金沢市涌波１
金沢本町店,https://as.chizumaru.com/famima/detailMap?account=famima&accmd=0&adr=17201&c2=1%2c2&bid=76306&pgret=2,石川県金沢市本町２丁目２０番２８号,tel:076-210-3277,24時間,石川県金沢市本町２
金沢橋場町店,https://as.chizumaru.com/famima/detailMap?account=famima&accmd=0&adr=17201&c2=1%2c2&bid=76344&pgret=2,石川県金沢市橋場町１番３号,tel:076-264-8730,24時間,石川県金沢市橋場町
金沢大桑店,https://as.chizumaru.com/famima/detailMap?account=famima&accmd=0&adr=17201&c2=1%2c2&bid=30137&pgret=2,石川県金沢市大桑二丁目４２番地,tel:076-201-4567,24時間,石川県金沢市大桑二
金沢田上店,https://as.chizumaru.com/famima/detailMap?account=famima&accmd=0&adr=17201&c2=1%2c2&bid=30264&pgret=2,石川県金沢市田上の里２丁目１０５番地,tel:076-233-5250,24時間,石川県金沢市田上の
金沢彦三店,https://as.chizumaru.com/famima/detailMap?account=famima&accmd=0&adr=17201&c2=1%2c2&bid=30126&pgret=2,石川県金沢市彦三町二丁目２番１４号,tel:076-231-1055,24時間,石川県金沢市彦三町
金沢西念二丁目店,https://as.chizumaru.com/famima/detailMap?account=famima&accmd=0&adr=17201&c2=1%2c2&bid=30257&pgret=2,石川県金沢市西念２丁目２７－１７,tel:076-224-4231,24時間,石川県金沢市西念２
堅田店,https://as.chizumaru.com/famima/detailMap?account=famima&accmd=0&adr=17201&c2=1%2c2&bid=30228&pgret=2,石川県金沢市堅田町甲７５ー１,tel:076-257-7018,24時間,石川県金沢市堅田町
金沢桜田町店,https://as.chizumaru.com/famima/detailMap?account=famima&accmd=0&adr=17201&c2=1%2c2&bid=76374&pgret=2,石川県金沢市桜田町１－２１４,tel:076-262-0025,24時間,石川県金沢市桜田町
金沢上安原店,https://as.chizumaru.com/famima/detailMap?account=famima&accmd=0&adr=17201&c2=1%2c2&bid=30112&pgret=2,石川県金沢市上安原南７９番地,tel:076-249-2621,24時間,石川県金沢市上安原
金沢百坂店,https://as.chizumaru.com/famima/detailMap?account=famima&accmd=0&adr=17201&c2=1%2c2&bid=76377&pgret=2,石川県金沢市百坂町ニ２３番地１他２筆,tel:076-257-5704,24時間,石川県金沢市百坂町
金沢小立野店,https://as.chizumaru.com/famima/detailMap?account=famima&accmd=0&adr=17201&c2=1%2c2&bid=30295&pgret=2,石川県金沢市小立野３丁目２７番２２号,tel:076-223-3931,24時間,石川県金沢市小立野
金沢専光寺浜店,https://as.chizumaru.com/famima/detailMap?account=famima&accmd=0&adr=17201&c2=1%2c2&bid=30251&pgret=2,石川県金沢市専光寺町二２－１,tel:076-268-6261,24時間,石川県金沢市専光寺
金沢星稜前店,https://as.chizumaru.com/famima/detailMap?account=famima&accmd=0&adr=17201&c2=1%2c2&bid=30262&pgret=2,石川県金沢市小坂町南５３８,tel:076-252-5224,24時間,石川県金沢市小坂町
金沢木材団地店,https://as.chizumaru.com/famima/detailMap?account=famima&accmd=0&adr=17201&c2=1%2c2&bid=30133&pgret=2,石川県金沢市湊２丁目１１４番地２５,tel:076-208-2893,24時間,石川県金沢市湊２丁
東金沢駅前店,https://as.chizumaru.com/famima/detailMap?account=famima&accmd=0&adr=17201&c2=1%2c2&bid=76389&pgret=2,石川県金沢市三池町１８９番１,tel:076-213-2022,24時間,石川県金沢市三池町
金沢高尾南店,https://as.chizumaru.com/famima/detailMap?account=famima&accmd=0&adr=17201&c2=1%2c2&bid=76401&pgret=2,石川県金沢市高尾南三丁目６１番地,tel:076-296-8860,24時間,石川県金沢市高尾南
金沢東力店,https://as.chizumaru.com/famima/detailMap?account=famima&accmd=0&adr=17201&c2=1%2c2&bid=76405&pgret=2,石川県金沢市東力２丁目１４８番地１,tel:076-291-2310,24時間,石川県金沢市東力２
金沢諸江通り店,https://as.chizumaru.com/famima/detailMap?account=famima&accmd=0&adr=17201&c2=1%2c2&bid=30171&pgret=2,石川県金沢市北安江１丁目１４番１号,tel:076-210-5060,24時間,石川県金沢市北安江
金沢幸町店,https://as.chizumaru.com/famima/detailMap?account=famima&accmd=0&adr=17201&c2=1%2c2&bid=30288&pgret=2,石川県金沢市幸町１３番２８号,tel:076-224-4210,24時間,石川県金沢市幸町１
金沢元菊店,https://as.chizumaru.com/famima/detailMap?account=famima&accmd=0&adr=17201&c2=1%2c2&bid=30101&pgret=2,石川県金沢市元菊町５番１号,tel:076-210-7015,24時間,石川県金沢市元菊町
金沢土清水町店,https://as.chizumaru.com/famima/detailMap?account=famima&accmd=0&adr=17201&c2=1%2c2&bid=30085&pgret=2,石川県金沢市土清水二丁目１５番地,tel:076-229-8220,24時間,石川県金沢市土清水
金沢東大通り店,https://as.chizumaru.com/famima/detailMap?account=famima&accmd=0&adr=17201&c2=1%2c2&bid=30248&pgret=2,石川県金沢市昌永町１７－８,tel:076-253-9449,24時間,石川県金沢市昌永町
金沢みなと店,https://as.chizumaru.com/famima/detailMap?account=famima&accmd=0&adr=17201&c2=1%2c2&bid=30120&pgret=2,石川県金沢市大野町四丁目ヲ３１番地１,tel:076-268-2483,24時間,石川県金沢市大野町
金沢木越店,https://as.chizumaru.com/famima/detailMap?account=famima&accmd=0&adr=17201&c2=1%2c2&bid=30242&pgret=2,石川県金沢市千木町口９３－１,tel:076-257-3140,24時間　日曜のみ時短営業（日曜２４：００閉店、月曜５：００開店）,石川県金沢市千木町
金沢藤江北店,https://as.chizumaru.com/famima/detailMap?account=famima&accmd=0&adr=17201&c2=1%2c2&bid=76439&pgret=2,石川県金沢市藤江北四丁目４８５番地,tel:076-266-5346,24時間,石川県金沢市藤江北
金沢金石東店,https://as.chizumaru.com/famima/detailMap?account=famima&accmd=0&adr=17201&c2=1%2c2&bid=76445&pgret=2,石川県金沢市金石東３丁目２番５号,tel:076-266-1211,24時間,石川県金沢市金石東
金沢入江店,https://as.chizumaru.com/famima/detailMap?account=famima&accmd=0&adr=17201&c2=1%2c2&bid=76455&pgret=2,石川県金沢市入江３丁目５４番地,tel:076-291-2011,24時間,石川県金沢市入江３
金沢朝霧台店,https://as.chizumaru.com/famima/detailMap?account=famima&accmd=0&adr=17201&c2=1%2c2&bid=76463&pgret=2,石川県金沢市朝霧台二丁目１４番地,tel:076-263-2623,24時間,石川県金沢市朝霧台
金沢みどり店,https://as.chizumaru.com/famima/detailMap?account=famima&accmd=0&adr=17201&c2=1%2c2&bid=76466&pgret=2,石川県金沢市みどり一丁目２５５番地１,tel:076-240-3639,24時間,石川県金沢市みどり
金沢無量寺店,https://as.chizumaru.com/famima/detailMap?account=famima&accmd=0&adr=17201&c2=1%2c2&bid=76468&pgret=2,石川県金沢市無量寺五丁目６９番地１号,tel:076-267-1160,24時間,石川県金沢市無量寺
金沢山科一丁目店,https://as.chizumaru.com/famima/detailMap?account=famima&accmd=0&adr=17201&c2=1%2c2&bid=76498&pgret=2,石川県金沢市山科一丁目６番５７号,tel:076-242-0505,24時間,石川県金沢市山科一
金沢堀川店,https://as.chizumaru.com/famima/detailMap?account=famima&accmd=0&adr=17201&c2=1%2c2&bid=76507&pgret=2,石川県金沢市堀川町９７６番５,tel:076-224-3462,24時間,石川県金沢市堀川町
金沢高柳店,https://as.chizumaru.com/famima/detailMap?account=famima&accmd=0&adr=17201&c2=1%2c2&bid=76515&pgret=2,石川県金沢市高柳町二字１０番１,tel:076-253-8299,24時間,石川県金沢市高柳町
金沢増泉中央店,https://as.chizumaru.com/famima/detailMap?account=famima&accmd=0&adr=17201&c2=1%2c2&bid=76586&pgret=2,石川県金沢市増泉一丁目１９番３２号,tel:076-242-2453,24時間,石川県金沢市増泉一
金沢片町二丁目店,https://as.chizumaru.com/famima/detailMap?account=famima&accmd=0&adr=17201&c2=1%2c2&bid=76594&pgret=2,石川県金沢市片町２丁目１番６号,tel:076-210-4677,24時間,石川県金沢市片町２
金沢増泉店,https://as.chizumaru.com/famima/detailMap?account=famima&accmd=0&adr=17201&c2=1%2c2&bid=76595&pgret=2,石川県金沢市増泉一丁目１８番１４号,tel:076-201-6711,24時間,石川県金沢市増泉一
金沢泉野店,https://as.chizumaru.com/famima/detailMap?account=famima&accmd=0&adr=17201&c2=1%2c2&bid=76598&pgret=2,石川県金沢市泉野町５－６－１４,tel:076-244-6158,24時間,石川県金沢市泉野町
金沢新保本店,https://as.chizumaru.com/famima/detailMap?account=famima&accmd=0&adr=17201&c2=1%2c2&bid=76603&pgret=2,石川県金沢市新保本５丁目１１３番地,tel:076-240-6328,24時間,石川県金沢市新保本
金沢示野店,https://as.chizumaru.com/famima/detailMap?account=famima&accmd=0&adr=17201&c2=1%2c2&bid=76604&pgret=2,石川県金沢市示野町南７１番地,tel:076-208-5778,24時間,石川県金沢市示野町
金沢片町店,https://as.chizumaru.com/famima/detailMap?account=famima&accmd=0&adr=17201&c2=1%2c2&bid=76637&pgret=2,石川県金沢市片町二丁目２番１５号北國ビルディング１Ｆ,tel:076-210-6399,24時間,石川県金沢市片町二
金沢小坂町店,https://as.chizumaru.com/famima/detailMap?account=famima&accmd=0&adr=17201&c2=1%2c2&bid=76633&pgret=2,石川県金沢市小坂町北１６５番地２,tel:076-252-0260,24時間,石川県金沢市小坂町
金沢木曳野店,https://as.chizumaru.com/famima/detailMap?account=famima&accmd=0&adr=17201&c2=1%2c2&bid=76651&pgret=2,石川県金沢市木曳野３丁目２３番地,tel:076-266-5020,24時間,石川県金沢市木曳野
金沢大学前店,https://as.chizumaru.com/famima/detailMap?account=famima&accmd=0&adr=17201&c2=1%2c2&bid=76653&pgret=2,石川県金沢市若松町ミ３番地１（金沢大学角間キャンパス内）,tel:076-210-4112,24時間,石川県金沢市若松町
金沢本町二丁目店,https://as.chizumaru.com/famima/detailMap?account=famima&accmd=0&adr=17201&c2=1%2c2&bid=76654&pgret=2,石川県金沢市本町２丁目１１番７号金沢フコク生命駅前ビル１階,tel:076-210-4844,24時間,石川県金沢市本町２
石川県庁前店,https://as.chizumaru.com/famima/detailMap?account=famima&accmd=0&adr=17201&c2=1%2c2&bid=76655&pgret=2,石川県金沢市西都一丁目５９番,tel:076-268-4883,24時間,石川県金沢市西都一
金沢大学北キャンパス店,https://as.chizumaru.com/famima/detailMap?account=famima&accmd=0&adr=17201&c2=1%2c2&bid=76660&pgret=2,石川県金沢市角間町ヌ７番地,tel:076-213-5167,8:00-20:00　休業日：日曜祝日,石川県金沢市角間町
金沢大学南キャンパス／Ｓ店,https://as.chizumaru.com/famima/detailMap?account=famima&accmd=0&adr=17201&c2=1%2c2&bid=69819&pgret=2,石川県金沢市角間町ヌ７番地,tel:076-254-6807,8:00-20:00　休業日：日曜祝日,石川県金沢市角間町
石川県庁／Ｓ店,https://as.chizumaru.com/famima/detailMap?account=famima&accmd=0&adr=17201&c2=1%2c2&bid=69857&pgret=2,石川県金沢市鞍月１丁目１番地石川県庁舎２階,tel:076-208-4975,7:00-20:00　休業日：土日祝日,石川県金沢市鞍月１
金沢大河端町店,https://as.chizumaru.com/famima/detailMap?account=famima&accmd=0&adr=17201&c2=1%2c2&bid=30213&pgret=2,石川県金沢市大河端西二丁目７４番地,tel:076-208-2276,24時間,石川県金沢市大河端
金沢松島南店,https://as.chizumaru.com/famima/detailMap?account=famima&accmd=0&adr=17201&c2=1%2c2&bid=30223&pgret=2,石川県金沢市新保本四丁目６５番地７,tel:076-214-1044,24時間,石川県金沢市新保本
薬コメヤ金沢武蔵店,https://as.chizumaru.com/famima/detailMap?account=famima&accmd=0&adr=17201&c2=1%2c2&bid=76380&pgret=2,石川県金沢市下堤町３５番地１,tel:076-221-9910,6:00-24:00,石川県金沢市下堤町
金沢問屋町二丁目店,https://as.chizumaru.com/famima/detailMap?account=famima&accmd=0&adr=17201&c2=1%2c2&bid=30301&pgret=2,石川県金沢市問屋町二丁目１５番２,tel:076-237-7324,24時間,石川県金沢市問屋町
金沢菊川店,https://as.chizumaru.com/famima/detailMap?account=famima&accmd=0&adr=17201&c2=1%2c2&bid=30275&pgret=2,石川県金沢市本多町一丁目１８番３号,tel:076-210-3955,24時間,石川県金沢市本多町
金沢乙丸町店,https://as.chizumaru.com/famima/detailMap?account=famima&accmd=0&adr=17201&c2=1%2c2&bid=30285&pgret=2,石川県金沢市神宮寺３丁目１１番１５号,tel:076-252-1077,24時間,石川県金沢市神宮寺
金沢二万堂店,https://as.chizumaru.com/famima/detailMap?account=famima&accmd=0&adr=17201&c2=1%2c2&bid=30154&pgret=2,石川県金沢市西泉一丁目１番地２,tel:076-201-4344,24時間,石川県金沢市西泉一
金沢粟崎店,https://as.chizumaru.com/famima/detailMap?account=famima&accmd=0&adr=17201&c2=1%2c2&bid=30155&pgret=2,石川県金沢市粟崎町三丁目２９７番地１,tel:076-239-9044,24時間,石川県金沢市粟崎町
金沢疋田店,https://as.chizumaru.com/famima/detailMap?account=famima&accmd=0&adr=17201&c2=1%2c2&bid=30134&pgret=2,石川県金沢市疋田二丁目１２３番地,tel:076-258-2070,24時間,石川県金沢市疋田二
金沢稚日野店,https://as.chizumaru.com/famima/detailMap?account=famima&accmd=0&adr=17201&c2=1%2c2&bid=30161&pgret=2,石川県金沢市稚日野町北１９番地１,tel:076-266-5044,24時間,石川県金沢市稚日野
金沢高畠一丁目店,https://as.chizumaru.com/famima/detailMap?account=famima&accmd=0&adr=17201&c2=1%2c2&bid=30189&pgret=2,石川県金沢市高畠一丁目３２３番地,tel:076-292-4003,24時間,石川県金沢市高畠一
金沢西念三丁目店,https://as.chizumaru.com/famima/detailMap?account=famima&accmd=0&adr=17201&c2=1%2c2&bid=30231&pgret=2,石川県金沢市西念３丁目３２－１６,tel:076-224-2407,24時間,石川県金沢市西念３
石川屋金沢笠舞店,https://as.chizumaru.com/famima/detailMap?account=famima&accmd=0&adr=17201&c2=1%2c2&bid=30233&pgret=2,石川県金沢市笠舞本町２－２－８,tel:076-224-4660,24時間,石川県金沢市笠舞本
金沢寺町店,https://as.chizumaru.com/famima/detailMap?account=famima&accmd=0&adr=17201&c2=1%2c2&bid=30177&pgret=2,石川県金沢市寺町一丁目２番１８号,tel:076-241-2406,24時間,石川県金沢市寺町一
金沢泉本町店,https://as.chizumaru.com/famima/detailMap?account=famima&accmd=0&adr=17201&c2=1%2c2&bid=30250&pgret=2,石川県金沢市泉本町５丁目３番地,tel:076-201-3594,24時間,石川県金沢市泉本町
金沢二口店,https://as.chizumaru.com/famima/detailMap?account=famima&accmd=0&adr=17201&c2=1%2c2&bid=30375&pgret=2,石川県金沢市二口町イ１０１番地,tel:076-224-2413,24時間,石川県金沢市二口町
金沢中央市場店,https://as.chizumaru.com/famima/detailMap?account=famima&accmd=0&adr=17201&c2=1%2c2&bid=30106&pgret=2,石川県金沢市西念四丁目２２番１２号,tel:076-210-4716,24時間,石川県金沢市西念四
金沢涌波三丁目店,https://as.chizumaru.com/famima/detailMap?account=famima&accmd=0&adr=17201&c2=1%2c2&bid=30207&pgret=2,石川県金沢市涌波三丁目１番１６号,tel:076-210-5906,24時間,石川県金沢市涌波三
金沢入江一丁目店,https://as.chizumaru.com/famima/detailMap?account=famima&accmd=0&adr=17201&c2=1%2c2&bid=76426&pgret=2,石川県金沢市入江１丁目１４８,tel:076-292-6033,24時間,石川県金沢市入江１
金沢旭町三丁目店,https://as.chizumaru.com/famima/detailMap?account=famima&accmd=0&adr=17201&c2=1%2c2&bid=76435&pgret=2,石川県金沢市旭町３丁目３番１１号,tel:076-223-2050,24時間,石川県金沢市旭町３
金沢松村三丁目店,https://as.chizumaru.com/famima/detailMap?account=famima&accmd=0&adr=17201&c2=1%2c2&bid=76519&pgret=2,石川県金沢市松村三丁目４４８番地,tel:076-266-5070,24時間,石川県金沢市松村三
金沢安原店,https://as.chizumaru.com/famima/detailMap?account=famima&accmd=0&adr=17201&c2=1%2c2&bid=76539&pgret=2,石川県金沢市中屋２丁目８３番地,tel:076-269-1007,24時間,石川県金沢市中屋２
金沢額新保／Ｇ店,https://as.chizumaru.com/famima/detailMap?account=famima&accmd=0&adr=17201&c2=1%2c2&bid=76554&pgret=2,石川県金沢市額新保２丁目２８４,tel:076-298-8402,7:00-23:00,石川県金沢市額新保
金沢諸江町店,https://as.chizumaru.com/famima/detailMap?account=famima&accmd=0&adr=17201&c2=1%2c2&bid=76556&pgret=2,石川県金沢市諸江町下丁４６番１,tel:076-238-2055,24時間,石川県金沢市諸江町
金沢岸川町店,https://as.chizumaru.com/famima/detailMap?account=famima&accmd=0&adr=17201&c2=1%2c2&bid=76546&pgret=2,石川県金沢市岸川町り６３番１,tel:076-257-8071,24時間,石川県金沢市岸川町
金沢福久店,https://as.chizumaru.com/famima/detailMap?account=famima&accmd=0&adr=17201&c2=1%2c2&bid=76559&pgret=2,石川県金沢市福久町ホ６１番地１,tel:076-257-9433,24時間,石川県金沢市福久町
金沢駅西口店,https://as.chizumaru.com/famima/detailMap?account=famima&accmd=0&adr=17201&c2=1%2c2&bid=76561&pgret=2,石川県金沢市北安江一丁目２番１５号,tel:076-210-5244,24時間,石川県金沢市北安江
白山インター店,https://as.chizumaru.com/famima/detailMap?account=famima&accmd=0&adr=17201&c2=1%2c2&bid=76568&pgret=2,石川県金沢市中屋南８４番地,tel:076-249-3418,24時間,石川県金沢市中屋南
金沢御影店,https://as.chizumaru.com/famima/detailMap?account=famima&accmd=0&adr=17201&c2=1%2c2&bid=76593&pgret=2,石川県金沢市御影町７番１５号,tel:076-241-4046,24時間,石川県金沢市御影町
金沢伏見新町／Ｇ店,https://as.chizumaru.com/famima/detailMap?account=famima&accmd=0&adr=17201&c2=1%2c2&bid=76592&pgret=2,石川県金沢市伏見新町３３７番,tel:076-201-3160,7:00-23:00,石川県金沢市伏見新
